,id,folder_id,folder_id_date,display_name,filename,content-type,url,hidden,thumbnail_url,mime_class,Id,Mime type,Score,Library reference,Checked on,AlternativeText:2,Contrast:2,HeadingsHigherLevel:3,HeadingsPresence:2,HeadingsSequential:3,HeadingsStartAtOne:3,HtmlBrokenLink:2,HtmlCaption:2,HtmlColorContrast:2,HtmlDefinitionList:3,HtmlEmptyHeading:2,HtmlEmptyTableHeader:2,HtmlHasLang:3,HtmlHeadingOrder:3,HtmlHeadingsPresence:2,HtmlHeadingsStart:2,HtmlImageAlt:2,HtmlImageRedundantAlt:3,HtmlLabel:2,HtmlLinkName:3,HtmlList:3,HtmlObjectAlt:2,HtmlTdHasHeader:2,HtmlTitle:3,ImageContrast:2,ImageDecorative:2,ImageDescription:2,ImageOcr:3,ImageSeizure:1,LanguageCorrect:3,LanguagePresence:3,Ocred:2,Parsable:1,Scanned:1,Security:1,TableHeaders:2,Tagged:2,Title:3
0,,,,03.08 Extra Credit Quiz,,,,,,,quiz:263176,application/x-quiz,100.00,,2024-09-25 21:57:25,0,0,0,0,0,0,0,0,0,0,0,0,0,0,0,0,0,0,0,0,0,0,0,0,0,0,0,0,0,0,0,0,0,0,0,0,0,0
1,,,,07.06 Final Examination,,,,,,,quiz:263170,application/x-quiz,99.40,,2023-05-11 17:14:44,0,0,0,0,0,0,0,0,0,0,0,0,0,0,0,0,0,0,0,0,1,0,0,0,0,0,0,0,0,0,0,0,0,0,0,0,0,0
2,,,,1.01 Syllabus Quiz,,,,,,,quiz:263168,application/x-quiz,100.00,,2023-04-25 14:53:05,0,0,0,0,0,0,0,0,0,0,0,0,0,0,0,0,0,0,0,0,0,0,0,0,0,0,0,0,0,0,0,0,0,0,0,0,0,0
3,,,,1.02 Assigned Video: “Mysteries of Mental Illness/Who’s Normal?”,,,,,,,page:1587700,application/x-page,100.00,,2025-10-19 14:33:23,0,0,0,0,0,0,0,0,0,0,0,0,0,0,0,0,0,0,0,0,0,0,0,0,0,0,0,0,0,0,0,0,0,0,0,0,0,0
4,,,,1.03 Discussion: Introducing Yourself,,,,,,,discussionTopic:694514,application/x-discussion-topic,99.75,,2025-03-19 19:51:13,0,0,0,0,0,0,0,0,0,0,0,0,0,0,0,0,0,0,0,0,1,0,0,0,0,0,0,0,0,0,0,0,0,0,0,0,0,0
5,,,,1.04 Readings and Multimedia,,,,,,,page:1587701,application/x-page,99.86,,2025-06-26 11:01:09,0,0,0,0,0,0,0,1,0,0,0,0,0,0,0,0,0,0,0,0,1,0,0,0,0,0,0,0,0,0,0,0,0,0,0,0,0,0
6,,,,1.05 Discussion: The Concept of Mental Illness,,,,,,,discussionTopic:694513,application/x-discussion-topic,100.00,,2025-02-19 01:28:08,0,0,0,0,0,0,0,0,0,0,0,0,0,0,0,0,0,0,0,0,0,0,0,0,0,0,0,0,0,0,0,0,0,0,0,0,0,0
7,,,,1.06 Discussion: Introducing Yourself - Replies,,,,,,,assignment:1039859,application/x-assignment,100.00,,2025-02-19 01:28:09,0,0,0,0,0,0,0,0,0,0,0,0,0,0,0,0,0,0,0,0,0,0,0,0,0,0,0,0,0,0,0,0,0,0,0,0,0,0
8,,,,1.07 Discussion: The Concept of Mental Illness - Replies,,,,,,,assignment:1039860,application/x-assignment,100.00,,2025-02-19 01:28:09,0,0,0,0,0,0,0,0,0,0,0,0,0,0,0,0,0,0,0,0,0,0,0,0,0,0,0,0,0,0,0,0,0,0,0,0,0,0
9,,,,1.08 DSM-5-TR Scavenger Hunt,,,,,,,quiz:263167,application/x-quiz,100.00,,2023-09-29 03:15:48,0,0,0,0,0,0,0,0,0,0,0,0,0,0,0,0,0,0,0,0,0,0,0,0,0,0,0,0,0,0,0,0,0,0,0,0,0,0
10,,,,1.09 Reading Quiz,,,,,,,quiz:263172,application/x-quiz,100.00,,2023-04-25 14:53:04,0,0,0,0,0,0,0,0,0,0,0,0,0,0,0,0,0,0,0,0,0,0,0,0,0,0,0,0,0,0,0,0,0,0,0,0,0,0
11,,,,2.01 Readings and Multimedia,,,,,,,page:1587702,application/x-page,100.00,,2024-05-08 14:52:58,0,0,0,0,0,0,0,0,0,0,0,0,0,0,0,0,0,0,0,0,0,0,0,0,0,0,0,0,0,0,0,0,0,0,0,0,0,0
12,,,,2.02 Practice Activity: Case Study Vignettes,,,,,,,page:1587703,application/x-page,100.00,,2024-09-25 21:37:48,0,0,0,0,0,0,0,0,0,0,0,0,0,0,0,0,0,0,0,0,0,0,0,0,0,0,0,0,0,0,0,0,0,0,0,0,0,0
13,,,,2.03 Readings and Multimedia,,,,,,,page:1587704,application/x-page,100.00,,2025-10-19 14:33:23,0,0,0,0,0,0,0,1,0,0,0,0,0,0,0,0,0,0,0,0,0,0,0,0,0,0,0,0,0,0,0,0,0,0,0,0,0,0
14,,,,2.04 Discussion: Treatment Disparities,,,,,,,discussionTopic:694512,application/x-discussion-topic,100.00,,2025-02-19 01:28:08,0,0,0,0,0,0,0,0,0,0,0,0,0,0,0,0,0,0,0,0,0,0,0,0,0,0,0,0,0,0,0,0,0,0,0,0,0,0
15,,,,2.05 Discussion: Treatment Disparities - Replies,,,,,,,assignment:1039861,application/x-assignment,100.00,,2025-02-19 01:28:09,0,0,0,0,0,0,0,0,0,0,0,0,0,0,0,0,0,0,0,0,0,0,0,0,0,0,0,0,0,0,0,0,0,0,0,0,0,0
16,,,,2.06 The Diagnostic Process: A Review,,,,,,,page:1587705,application/x-page,100.00,,2024-05-09 13:41:59,0,0,0,0,0,0,0,0,0,0,0,0,0,0,0,0,0,0,0,0,0,0,0,0,0,0,0,0,0,0,0,0,0,0,0,0,0,0
17,,,,2.07 Mini Case Review Assignment,,,,,,,assignment:1020363,application/x-assignment,99.67,,2025-02-19 01:36:08,0,0,0,0,0,0,0,0,0,0,0,0,0,0,0,0,0,0,0,0,1,0,0,0,0,0,0,0,0,0,0,0,0,0,0,0,0,0
18,,,,2.08 Reading Quiz,,,,,,,quiz:263169,application/x-quiz,100.00,,2023-04-25 14:53:04,0,0,0,0,0,0,0,0,0,0,0,0,0,0,0,0,0,0,0,0,0,0,0,0,0,0,0,0,0,0,0,0,0,0,0,0,0,0
19,,,,3.01 Readings and Multimedia,,,,,,,page:1587706,application/x-page,100.00,,2024-05-08 14:55:05,0,0,0,0,0,0,0,0,0,0,0,0,0,0,0,0,0,0,0,0,0,0,0,0,0,0,0,0,0,0,0,0,0,0,0,0,0,0
20,,,,3.02 Screening Tools/Suicide Screening: Extra Credit,,,,,,,page:1587707,application/x-page,50.00,,2025-02-07 18:46:59,0,0,0,0,0,0,1,0,0,0,0,0,0,0,0,0,0,0,0,0,0,0,0,0,0,0,0,0,0,0,0,0,0,0,0,0,0,0
21,,,,3.03 Readings and Multimedia,,,,,,,page:1587708,application/x-page,100.00,,2025-10-19 14:33:22,0,0,0,0,0,0,0,1,0,0,0,0,0,0,0,0,0,0,0,0,0,0,0,0,0,0,0,0,0,0,0,0,0,0,0,0,0,0
22,,,,3.04 Practice Activity: Case Study Vignettes,,,,,,,page:1587709,application/x-page,100.00,,2024-05-08 19:14:39,0,0,0,0,0,0,0,0,0,0,0,0,0,0,0,0,0,0,0,0,0,0,0,0,0,0,0,0,0,0,0,0,0,0,0,0,0,0
23,,,,3.05 Mini Case Review Assignment,,,,,,,assignment:1020364,application/x-assignment,99.67,,2025-02-19 01:37:49,0,0,0,0,0,0,0,0,0,0,0,0,0,0,0,0,0,0,0,0,1,0,0,0,0,0,0,0,0,0,0,0,0,0,0,0,0,0
24,,,,3.06 Formal Case Review Assignment 1,,,,,,,assignment:1020366,application/x-assignment,99.44,,2024-09-25 21:29:48,0,0,0,0,0,0,0,0,0,0,0,0,0,0,0,0,0,0,0,0,1,0,0,0,0,0,0,0,0,0,0,0,0,0,0,0,0,0
25,,,,3.07 Reading Quiz,,,,,,,quiz:263178,application/x-quiz,100.00,,2023-04-25 14:53:04,0,0,0,0,0,0,0,0,0,0,0,0,0,0,0,0,0,0,0,0,0,0,0,0,0,0,0,0,0,0,0,0,0,0,0,0,0,0
26,,,,4.01 Readings and Multimedia,,,,,,,page:1587711,application/x-page,100.00,,2025-10-19 14:33:22,0,0,0,0,0,0,0,1,0,0,0,0,0,0,0,0,0,0,0,0,0,0,0,0,0,0,0,0,0,0,0,0,0,0,0,0,0,0
27,,,,4.02 Mini Case Review Assignment,,,,,,,assignment:1020367,application/x-assignment,99.67,,2025-02-19 01:39:53,0,0,0,0,0,0,0,0,0,0,0,0,0,0,0,0,0,0,0,0,1,0,0,0,0,0,0,0,0,0,0,0,0,0,0,0,0,0
28,,,,4.03 Midterm Examination Review/Practice Activity,,,,,,,page:1587712,application/x-page,99.60,,2024-05-08 19:31:16,0,0,0,0,0,0,0,0,0,0,0,0,0,0,0,0,0,0,0,0,1,0,0,0,0,0,0,0,0,0,0,0,0,0,0,0,0,0
29,,,,4.04 Midterm Examination,,,,,,,quiz:263174,application/x-quiz,99.50,,2024-05-09 13:37:20,0,0,0,0,0,0,0,0,0,0,0,0,0,0,0,0,0,0,0,0,1,0,0,0,0,0,0,0,0,0,0,0,0,0,0,0,0,0
30,,,,5.01 Readings and Multimedia,,,,,,,page:1587713,application/x-page,100.00,,2025-02-07 18:47:05,0,0,0,0,0,0,0,1,0,0,0,0,0,0,0,0,0,0,0,0,0,0,0,0,0,0,0,0,0,0,0,0,0,0,0,0,0,0
31,,,,5.02 Readings and Multimedia,,,,,,,page:1587714,application/x-page,100.00,,2025-10-19 14:22:14,0,0,0,0,0,0,0,0,0,0,0,0,0,0,0,0,0,0,0,0,0,0,0,0,0,0,0,0,0,0,0,0,0,0,0,0,0,0
32,,,,5.03 Discussion: Complex Trauma ,,,,,,,discussionTopic:694511,application/x-discussion-topic,100.00,,2025-02-19 01:28:08,0,0,0,0,0,0,0,0,0,0,0,0,0,0,0,0,0,0,0,0,0,0,0,0,0,0,0,0,0,0,0,0,0,0,0,0,0,0
33,,,,5.04 Discussion: Complex Trauma - Replies,,,,,,,assignment:1039862,application/x-assignment,100.00,,2025-02-19 01:28:09,0,0,0,0,0,0,0,0,0,0,0,0,0,0,0,0,0,0,0,0,0,0,0,0,0,0,0,0,0,0,0,0,0,0,0,0,0,0
34,,,,5.05 Formal Case Review Assignment 2,,,,,,,assignment:1020369,application/x-assignment,100.00,,2024-09-25 21:34:56,0,0,0,0,0,0,0,0,0,0,0,0,0,0,0,0,0,0,0,0,0,0,0,0,0,0,0,0,0,0,0,0,0,0,0,0,0,0
35,,,,5.06 Reading Quiz,,,,,,,quiz:263173,application/x-quiz,100.00,,2023-04-25 14:53:04,0,0,0,0,0,0,0,0,0,0,0,0,0,0,0,0,0,0,0,0,0,0,0,0,0,0,0,0,0,0,0,0,0,0,0,0,0,0
36,15969192,1245044,1245-02-13 00:00:00+00:00,526 Course Card - Advanced.jpg,526+Course+Card+-+Advanced.jpg,image/jpeg,https://boisestatecanvas.instructure.com/files/15969192/download?download_frd=1&verifier=RenBYl3bKbwIzFnpgYf43o9IbE0BjSz3xIWPRGXm,False,https://boisestatecanvas.instructure.com/images/thumbnails/15969192/RenBYl3bKbwIzFnpgYf43o9IbE0BjSz3xIWPRGXm,image,15969192,image/jpeg,25.00,,2024-08-05 21:37:10,0,0,0,0,0,0,0,0,0,0,0,0,0,0,0,0,0,0,0,0,0,0,0,0,0,1,1,0,0,0,0,0,0,0,0,0,0,0
37,15969192,1245044,1245-02-13 00:00:00+00:00,526 Course Card - Advanced.jpg,526+Course+Card+-+Advanced.jpg,image/jpeg,https://boisestatecanvas.instructure.com/files/15969192/download?download_frd=1&verifier=RenBYl3bKbwIzFnpgYf43o9IbE0BjSz3xIWPRGXm,False,https://boisestatecanvas.instructure.com/images/thumbnails/15969192/RenBYl3bKbwIzFnpgYf43o9IbE0BjSz3xIWPRGXm,image,15969193,image/jpeg,25.00,,2024-08-05 21:37:10,0,0,0,0,0,0,0,0,0,0,0,0,0,0,0,0,0,0,0,0,0,0,0,0,0,1,1,0,0,0,0,0,0,0,0,0,0,0
38,15969193,1318334,1318-11-30 00:00:00+00:00,526 Course Card - Advanced.jpg,526+Course+Card+-+Advanced.jpg,image/jpeg,https://boisestatecanvas.instructure.com/files/15969193/download?download_frd=1&verifier=PuP7Z59r0vuHFvmYLencgSgtUOBJ5rd40rlEcwY7,False,https://boisestatecanvas.instructure.com/images/thumbnails/15969193/PuP7Z59r0vuHFvmYLencgSgtUOBJ5rd40rlEcwY7,image,15969192,image/jpeg,25.00,,2024-08-05 21:37:10,0,0,0,0,0,0,0,0,0,0,0,0,0,0,0,0,0,0,0,0,0,0,0,0,0,1,1,0,0,0,0,0,0,0,0,0,0,0
39,15969193,1318334,1318-11-30 00:00:00+00:00,526 Course Card - Advanced.jpg,526+Course+Card+-+Advanced.jpg,image/jpeg,https://boisestatecanvas.instructure.com/files/15969193/download?download_frd=1&verifier=PuP7Z59r0vuHFvmYLencgSgtUOBJ5rd40rlEcwY7,False,https://boisestatecanvas.instructure.com/images/thumbnails/15969193/PuP7Z59r0vuHFvmYLencgSgtUOBJ5rd40rlEcwY7,image,15969193,image/jpeg,25.00,,2024-08-05 21:37:10,0,0,0,0,0,0,0,0,0,0,0,0,0,0,0,0,0,0,0,0,0,0,0,0,0,1,1,0,0,0,0,0,0,0,0,0,0,0
40,,,,6.01 Readings and Multimedia,,,,,,,page:1587715,application/x-page,100.00,,2025-02-07 18:46:58,0,0,0,0,0,0,0,0,0,0,0,0,0,0,0,0,0,0,0,0,0,0,0,0,0,0,0,0,0,0,0,0,0,0,0,0,0,0
41,,,,6.02 Readings and Multimedia,,,,,,,page:1587716,application/x-page,100.00,,2025-02-07 18:47:05,0,0,0,0,0,0,0,0,0,0,0,0,0,0,0,0,0,0,0,0,0,0,0,0,0,0,0,0,0,0,0,0,0,0,0,0,0,0
42,,,,6.03 Mini Case Review Assignment,,,,,,,assignment:1020371,application/x-assignment,99.67,,2025-02-19 01:42:09,0,0,0,0,0,0,0,0,0,0,0,0,0,0,0,0,0,0,0,0,1,0,0,0,0,0,0,0,0,0,0,0,0,0,0,0,0,0
43,,,,6.04 Formal Case Review Assignment 3,,,,,,,assignment:1020372,application/x-assignment,99.44,,2024-09-25 21:36:20,0,0,0,0,0,0,0,0,0,0,0,0,0,0,0,0,0,0,0,0,1,0,0,0,0,0,0,0,0,0,0,0,0,0,0,0,0,0
44,,,,6.05 Reading Quiz,,,,,,,quiz:263171,application/x-quiz,100.00,,2023-04-25 14:53:04,0,0,0,0,0,0,0,0,0,0,0,0,0,0,0,0,0,0,0,0,0,0,0,0,0,0,0,0,0,0,0,0,0,0,0,0,0,0
45,,,,7.01 Readings and Multimedia,,,,,,,page:1587717,application/x-page,100.00,,2025-02-07 18:46:57,0,0,0,0,0,0,0,0,0,0,0,0,0,0,0,0,0,0,0,0,0,0,0,0,0,0,0,0,0,0,0,0,0,0,0,0,0,0
46,,,,7.02 Discussion: Creating Your Own Case Vignette,,,,,,,discussionTopic:694510,application/x-discussion-topic,99.80,,2025-02-19 01:28:08,0,0,0,0,0,0,0,0,0,0,0,0,0,0,0,0,0,0,0,0,1,0,0,0,0,0,0,0,0,0,0,0,0,0,0,0,0,0
47,,,,7.03 Discussion: Creating Your Own Case Vignette - Replies,,,,,,,assignment:1039863,application/x-assignment,100.00,,2024-05-09 14:05:29,0,0,0,0,0,0,0,0,0,0,0,0,0,0,0,0,0,0,0,0,0,0,0,0,0,0,0,0,0,0,0,0,0,0,0,0,0,0
48,,,,7.04 Readings and Multimedia,,,,,,,page:1587718,application/x-page,100.00,,2025-02-07 18:47:02,0,0,0,0,0,0,0,1,0,0,0,0,0,0,0,0,0,0,0,0,0,0,0,0,0,0,0,0,0,0,0,0,0,0,0,0,0,0
49,,,,7.05 Final Examination Review/Practice Activity,,,,,,,page:1587719,application/x-page,99.50,,2024-05-08 19:49:34,0,0,0,0,0,0,0,0,0,0,0,0,0,0,0,0,0,0,0,0,1,0,0,0,0,0,0,0,0,0,0,0,0,0,0,0,0,0
50,,,,7.06 End-of-Course Summary Post,,,,,,,discussionTopic:694509,application/x-discussion-topic,100.00,,2025-02-19 01:28:08,0,0,0,0,0,0,0,0,0,0,0,0,0,0,0,0,0,0,0,0,0,0,0,0,0,0,0,0,0,0,0,0,0,0,0,0,0,0
51,16759525,1245026,1245-01-26 00:00:00+00:00,Abe.FormalCaseReview3.pdf,Abe.FormalCaseReview3.pdf,application/pdf,https://boisestatecanvas.instructure.com/files/16759525/download?download_frd=1&verifier=C5E0RTOzHuvm6wZCRuqQF7F0OJ41RQxYGIX0qJqI,False,,pdf,16759525,application/pdf,6.90,,2026-01-07 16:36:39,0,0,0,0,0,0,0,0,0,0,0,0,0,0,0,0,0,0,0,0,0,0,0,0,0,0,0,0,0,0,1,0,0,0,0,0,1,0
52,,,,Additional Instructor Resources,,,,,,,page:1587722,application/x-page,100.00,,2025-02-19 01:50:01,0,0,0,0,0,0,0,0,0,0,0,0,0,0,0,0,0,0,0,0,0,0,0,0,0,0,0,0,0,0,0,0,0,0,0,0,0,0
53,14913844,1245030,1245-01-30 00:00:00+00:00,AlcoholUseDisorder-MayoClinicRadioVideoTranscript.docx,AlcoholUseDisorder-MayoClinicRadioVideoTranscript.docx,application/vnd.openxmlformats-officedocument.wordprocessingml.document,https://boisestatecanvas.instructure.com/files/14913844/download?download_frd=1&verifier=RjoY1NXT57KWc4CQNKHmPudrztJ1bK7j26FzpUyS,False,,doc,14913844,application/vnd.openxmlformats-officedocument.wordprocessingml.document,52.62,,2025-10-31 16:49:54,0,0,0,1,0,0,0,0,0,0,0,0,0,0,0,0,0,0,0,0,0,0,0,0,0,0,0,0,0,0,0,0,0,0,0,0,0,0
54,,,,Announcement Support,,,,,,,page:1587720,application/x-page,100.00,,2024-05-09 13:30:10,0,0,0,0,0,0,0,0,0,0,0,0,0,0,0,0,0,0,0,0,0,0,0,0,0,0,0,0,0,0,0,0,0,0,0,0,0,0
55,14913739,1245030,1245-01-30 00:00:00+00:00,AutismSpectrumDisorder-MayoClinicRadioVideoTranscript.docx,AutismSpectrumDisorder-MayoClinicRadioVideoTranscript.docx,application/vnd.openxmlformats-officedocument.wordprocessingml.document,https://boisestatecanvas.instructure.com/files/14913739/download?download_frd=1&verifier=UFRbI12Wnxjgn2jwaNwy8xr3dMsACKp6ahJx1rC6,False,,doc,14913739,application/vnd.openxmlformats-officedocument.wordprocessingml.document,52.62,,2023-04-21 19:58:08,0,0,0,1,0,0,0,0,0,0,0,0,0,0,0,0,0,0,0,0,0,0,0,0,0,0,0,0,0,0,0,0,0,0,0,0,0,0
56,14913773,1245030,1245-01-30 00:00:00+00:00,C-SSRSTrainingVideoTranscript.docx,C-SSRSTrainingVideoTranscript.docx,application/vnd.openxmlformats-officedocument.wordprocessingml.document,https://boisestatecanvas.instructure.com/files/14913773/download?download_frd=1&verifier=gcabLZAIOost9ta8gyTxFHjOvaxwFwgdDnY1ajLm,False,,doc,14913773,application/vnd.openxmlformats-officedocument.wordprocessingml.document,52.62,,2025-11-13 19:34:56,0,0,0,1,0,0,0,0,0,0,0,0,0,0,0,0,0,0,0,0,0,0,0,0,0,0,0,0,0,0,0,0,0,0,0,0,0,0
57,14913858,1245000,,Chapter 21-Psychosocial Side Effects of Drug Treatment of Youth.pdf,Chapter+21-Psychological+Side+Effects+of+Drug+Treatment+of+Youth.pdf,application/pdf,https://boisestatecanvas.instructure.com/files/14913858/download?download_frd=1&verifier=9vyhC0JDwJ3BUCKRvOSONJ5IYrGpaRmW1IkCaKxW,False,,pdf,14913858,application/pdf,100.00,,2023-03-17 15:03:43,0,0,0,0,0,0,0,0,0,0,0,0,0,0,0,0,0,0,0,0,0,0,0,0,0,0,0,0,0,0,0,0,0,0,0,0,0,0
58,,,,Course Guides for Faculty Reference,,,,,,,page:1587721,application/x-page,100.00,,2024-05-15 12:16:23,0,0,0,0,0,0,0,0,0,0,0,0,0,0,0,0,0,0,0,0,0,0,0,0,0,0,0,0,0,0,0,0,0,0,0,0,0,0
59,,,,Course Questions,,,,,,,discussionTopic:694515,application/x-discussion-topic,100.00,,2022-01-03 18:40:15,0,0,0,0,0,0,0,0,0,0,0,0,0,0,0,0,0,0,0,0,0,0,0,0,0,0,0,0,0,0,0,0,0,0,0,0,0,0
60,14913868,1245030,1245-01-30 00:00:00+00:00,DSM-5CriteriaForSubstanceUseDisordersVideoTranscript.docx,DSM-5CriteriaForSubstanceUseDisordersVideoTranscript.docx,application/vnd.openxmlformats-officedocument.wordprocessingml.document,https://boisestatecanvas.instructure.com/files/14913868/download?download_frd=1&verifier=MlxcItQsvWy2kgrvg1UoZbjB0QT4j1d5YRcR1z8d,False,,doc,14913868,application/vnd.openxmlformats-officedocument.wordprocessingml.document,52.62,,2025-11-13 19:36:05,0,0,0,1,0,0,0,0,0,0,0,0,0,0,0,0,0,0,0,0,0,0,0,0,0,0,0,0,0,0,0,0,0,0,0,0,0,0
61,14913817,1245030,1245-01-30 00:00:00+00:00,EatingDisordersInAdultsVideoTranscript.docx,EatingDisordersInAdultsVideoTranscript.docx,application/vnd.openxmlformats-officedocument.wordprocessingml.document,https://boisestatecanvas.instructure.com/files/14913817/download?download_frd=1&verifier=g0H94joHpviLH4bl9ZH0WWPs3E0QcML2wsc8YWzQ,False,,doc,14913817,application/vnd.openxmlformats-officedocument.wordprocessingml.document,52.62,,2023-04-21 19:37:37,0,0,0,1,0,0,0,0,0,0,0,0,0,0,0,0,0,0,0,0,0,0,0,0,0,0,0,0,0,0,0,0,0,0,0,0,0,0
62,14913856,1245031,1245-01-31 00:00:00+00:00,FinalPracticeCaseVignetteAnswers-Lola.pdf,FinalPracticeCaseVignetteAnswers-Lola.pdf,application/pdf,https://boisestatecanvas.instructure.com/files/14913856/download?download_frd=1&verifier=s3LYthT9w8saa9QHtD9e6zPAiOHH9Hc03o70PbtX,True,,pdf,14913856,application/pdf,94.30,,2023-04-21 15:47:57,0,0,0,0,0,0,0,0,0,0,0,0,0,0,0,0,0,0,0,0,0,0,0,0,0,0,0,0,0,0,1,0,0,0,0,0,0,1
63,14913719,1245031,1245-01-31 00:00:00+00:00,FinalPracticeCaseVignetteAnswers-Marian.pdf,FinalPracticeCaseVignetteAnswers-Marian.pdf,application/pdf,https://boisestatecanvas.instructure.com/files/14913719/download?download_frd=1&verifier=pSnRk45UBBPdPVnWcBpzewkI0Zj30f2Y1VfXbrtj,True,,pdf,14913719,application/pdf,95.25,,2023-04-21 15:47:59,0,0,0,0,0,0,0,0,0,0,0,0,0,0,0,0,0,0,0,0,0,0,0,0,0,0,0,0,0,0,1,0,0,0,0,0,0,0
64,14913769,1245026,1245-01-26 00:00:00+00:00,FormalCaseReview-Isabel.pdf,FormalCaseReview-Isabel.pdf,application/pdf,https://boisestatecanvas.instructure.com/files/14913769/download?download_frd=1&verifier=YcSF9FYljUE0ktEalRxhECVAwx2loX2KdmnjmDQq,False,,pdf,14913769,application/pdf,95.25,,2023-04-21 15:32:03,0,0,0,0,0,0,0,0,0,0,0,0,0,0,0,0,0,0,0,0,0,0,0,0,0,0,0,0,0,0,1,0,0,0,0,0,0,0
65,14913832,1245026,1245-01-26 00:00:00+00:00,FormalCaseReview-Kai.pdf,FormalCaseReview-Kai.pdf,application/pdf,https://boisestatecanvas.instructure.com/files/14913832/download?download_frd=1&verifier=T4WpX5xRcr9oqhvJp13eogYO13ykSWsHN9qHlnRq,False,,pdf,14913832,application/pdf,94.30,,2023-04-21 15:43:10,0,0,0,0,0,0,0,0,0,0,0,0,0,0,0,0,0,0,0,0,0,0,0,0,0,0,0,0,0,0,1,0,0,0,0,0,0,1
66,14913882,1245026,1245-01-26 00:00:00+00:00,FormalCaseReview-Rachel.pdf,FormalCaseReview-Rachel.pdf,application/pdf,https://boisestatecanvas.instructure.com/files/14913882/download?download_frd=1&verifier=oppPz855BJt4MGE4galkYLkiSz2PtlaSYLKWtipr,False,,pdf,14913882,application/pdf,95.25,,2023-04-21 15:44:46,0,0,0,0,0,0,0,0,0,0,0,0,0,0,0,0,0,0,0,0,0,0,0,0,0,0,0,0,0,0,1,0,0,0,0,0,0,0
67,14913842,1245026,1245-01-26 00:00:00+00:00,FormalCaseReviewExample.Version 2.pdf,FormalCaseReviewExample.Version+2.pdf,application/pdf,https://boisestatecanvas.instructure.com/files/14913842/download?download_frd=1&verifier=q4PNJlEgOiv5VYAEFucJTNU28udKWwZWqMdGBu7C,False,,pdf,14913842,application/pdf,100.00,,2023-09-28 20:40:59,0,0,0,0,0,0,0,0,0,0,0,0,0,0,0,0,0,0,0,0,0,0,0,0,0,0,0,0,0,0,0,0,0,0,0,0,0,0
68,14913810,1245000,,Generalized Anxiety Disorder.pdf,Generalized+Anxiety+Disorder.pdf,application/pdf,https://boisestatecanvas.instructure.com/files/14913810/download?download_frd=1&verifier=ZelHreDj5bXGO386w6phMwy5dU0H0gPt2eqblRcR,False,,pdf,14913810,application/pdf,99.44,,2023-04-21 19:00:19,0,1,0,0,0,0,0,0,0,0,0,0,0,0,0,0,0,0,0,0,0,0,0,0,0,0,0,0,0,0,0,0,0,0,0,0,0,0
69,18611502,1245026,1245-01-26 00:00:00+00:00,Harvey.Mod4.pdf,Harvey.Mod4.pdf,application/pdf,https://boisestatecanvas.instructure.com/files/18611502/download?download_frd=1&verifier=T5w06C5da6hx0e2Q5IfkTUkBAEBE46Le4l5b53dV,False,,pdf,18611502,application/pdf,100.00,,2025-02-19 01:38:53,0,0,0,0,0,0,0,0,0,0,0,0,0,0,0,0,0,0,0,0,0,0,0,0,0,0,0,0,0,0,0,0,0,0,0,0,0,0
70,14913821,1245030,1245-01-30 00:00:00+00:00,HoardingDisorderVideoTranscript.docx,HoardingDisorderVideoTranscript.docx,application/vnd.openxmlformats-officedocument.wordprocessingml.document,https://boisestatecanvas.instructure.com/files/14913821/download?download_frd=1&verifier=DpTvovCrA0gu7aWbkAGHquOHbH8Apza24R2v0Cjv,False,,doc,14913821,application/vnd.openxmlformats-officedocument.wordprocessingml.document,52.62,,2025-10-31 16:50:08,0,0,0,1,0,0,0,0,0,0,0,0,0,0,0,0,0,0,0,0,0,0,0,0,0,0,0,0,0,0,0,0,0,0,0,0,0,0
71,,,,Home Page,,,,,,,page:1587723,application/x-page,100.00,,2024-08-05 21:43:08,0,0,0,0,0,0,0,0,0,0,0,0,0,0,0,0,0,0,0,0,0,0,0,0,0,0,0,0,0,0,0,0,0,0,0,0,0,0
72,,,,Instructor Information,,,,,,,page:1615324,application/x-page,100.00,,2024-05-07 18:26:32,0,0,0,0,0,0,0,0,0,0,0,0,0,0,0,0,0,0,0,0,0,0,0,0,0,0,0,0,0,0,0,0,0,0,0,0,0,0
73,,,,Library Resources,,,,,,,page:1587724,application/x-page,100.00,,2024-05-09 13:55:49,0,0,0,0,0,0,0,0,0,0,0,0,0,0,0,0,0,0,0,0,0,0,0,0,0,0,0,0,0,0,0,0,0,0,0,0,0,0
74,,,,Major Assignment Overview,,,,,,,page:1587725,application/x-page,100.00,,2024-06-05 15:33:40,0,0,0,0,0,0,0,0,0,0,0,0,0,0,0,0,0,0,0,0,0,0,0,0,0,0,0,0,0,0,0,0,0,0,0,0,0,0
75,14913812,1245029,1245-01-29 00:00:00+00:00,ManiaAndHypomaniaMiniLectureSlides.pdf,ManiaAndHypomaniaMiniLectureSlides.pdf,application/pdf,https://boisestatecanvas.instructure.com/files/14913812/download?download_frd=1&verifier=MndxrmeVGYRjlZkLHgmHRVAPAUHxlm0uHSBeKTdQ,False,,pdf,14913812,application/pdf,88.57,,2023-04-20 14:22:15,0,1,0,0,0,0,0,0,0,0,0,0,0,0,0,0,0,0,0,0,0,0,0,0,0,0,0,0,0,0,0,0,0,0,0,0,0,0
76,18611485,1245026,1245-01-26 00:00:00+00:00,Maricela.Mod3.pdf,Maricela.Mod3.pdf,application/pdf,https://boisestatecanvas.instructure.com/files/18611485/download?download_frd=1&verifier=JUkEeKkKgFoYmUck96zTQbvx6nJRTqRBU9W17MwO,False,,pdf,18611485,application/pdf,100.00,,2025-02-19 01:37:00,0,0,0,0,0,0,0,0,0,0,0,0,0,0,0,0,0,0,0,0,0,0,0,0,0,0,0,0,0,0,0,0,0,0,0,0,0,0
77,18611465,1245026,1245-01-26 00:00:00+00:00,Mazie.Mod2.pdf,Mazie.Mod2.pdf,application/pdf,https://boisestatecanvas.instructure.com/files/18611465/download?download_frd=1&verifier=4gXE74fdKVXggCF1FVyM7Vf7zqNjhj4irrJpxYfJ,False,,pdf,18611465,application/pdf,100.00,,2025-02-19 01:34:30,0,0,0,0,0,0,0,0,0,0,0,0,0,0,0,0,0,0,0,0,0,0,0,0,0,0,0,0,0,0,0,0,0,0,0,0,0,0
78,14913813,1245031,1245-01-31 00:00:00+00:00,MidtermPracticeCaseVignetteAnswers-Sammy.pdf,MidtermPracticeCaseVignetteAnswers-Sammy.pdf,application/pdf,https://boisestatecanvas.instructure.com/files/14913813/download?download_frd=1&verifier=jopyW84iCLD13V3A3XfKBwfmrEcIK5LVK5XuLpQa,True,,pdf,14913813,application/pdf,95.25,,2023-04-21 15:40:55,0,0,0,0,0,0,0,0,0,0,0,0,0,0,0,0,0,0,0,0,0,0,0,0,0,0,0,0,0,0,1,0,0,0,0,0,0,0
79,14913823,1245031,1245-01-31 00:00:00+00:00,MidtermPracticeCaseVignetteAnswers-YiJoon.pdf,MidtermPracticeCaseVignetteAnswers-YiJoon.pdf,application/pdf,https://boisestatecanvas.instructure.com/files/14913823/download?download_frd=1&verifier=S5STsgqCBYt3WsPniZFNwTbzKGgaWtLpJnicM8qv,True,,pdf,14913823,application/pdf,95.25,,2023-04-21 15:40:17,0,0,0,0,0,0,0,0,0,0,0,0,0,0,0,0,0,0,0,0,0,0,0,0,0,0,0,0,0,0,1,0,0,0,0,0,0,0
80,,,,Military Support,,,,,,,page:1615478,application/x-page,100.00,,2024-05-09 13:55:38,0,0,0,0,0,0,0,0,0,0,0,0,0,0,0,0,0,0,0,0,0,0,0,0,0,0,0,0,0,0,0,0,0,0,0,0,0,0
81,,,,Module 1 Overview,,,,,,,page:1587726,application/x-page,100.00,,2024-05-09 13:58:51,0,0,0,0,0,0,0,0,0,0,0,0,0,0,0,0,0,0,0,0,0,0,0,0,0,0,0,0,0,0,0,0,0,0,0,0,0,0
82,,,,Module 2 Overview,,,,,,,page:1587727,application/x-page,100.00,,2024-05-08 19:09:04,0,0,0,0,0,0,0,0,0,0,0,0,0,0,0,0,0,0,0,0,0,0,0,0,0,0,0,0,0,0,0,0,0,0,0,0,0,0
83,,,,Module 3 Overview,,,,,,,page:1587728,application/x-page,100.00,,2024-05-09 13:48:45,0,0,0,0,0,0,0,0,0,0,0,0,0,0,0,0,0,0,0,0,0,0,0,0,0,0,0,0,0,0,0,0,0,0,0,0,0,0
84,,,,Module 4 Overview,,,,,,,page:1587729,application/x-page,100.00,,2024-05-09 14:02:46,0,0,0,0,0,0,0,0,0,0,0,0,0,0,0,0,0,0,0,0,0,0,0,0,0,0,0,0,0,0,0,0,0,0,0,0,0,0
85,,,,Module 5 Overview,,,,,,,page:1587730,application/x-page,100.00,,2024-05-08 19:40:50,0,0,0,0,0,0,0,0,0,0,0,0,0,0,0,0,0,0,0,0,0,0,0,0,0,0,0,0,0,0,0,0,0,0,0,0,0,0
86,,,,Module 6 Overview,,,,,,,page:1587731,application/x-page,100.00,,2024-05-08 19:44:16,0,0,0,0,0,0,0,0,0,0,0,0,0,0,0,0,0,0,0,0,0,0,0,0,0,0,0,0,0,0,0,0,0,0,0,0,0,0
87,,,,Module 7 Overview,,,,,,,page:1587732,application/x-page,100.00,,2024-05-08 19:52:55,0,0,0,0,0,0,0,0,0,0,0,0,0,0,0,0,0,0,0,0,0,0,0,0,0,0,0,0,0,0,0,0,0,0,0,0,0,0
88,14913698,1245027,1245-01-27 00:00:00+00:00,Online-MSW-Adv-Full-Time(1).pdf,Online-MSW-Adv-Full-Time%281%29.pdf,application/pdf,https://boisestatecanvas.instructure.com/files/14913698/download?download_frd=1&verifier=gOdntIbcZoW4VsmLd3chJmHpDx3LsLMnsI0AB3p9,False,,pdf,14913698,application/pdf,45.08,,2022-09-13 18:39:51,1,1,0,0,0,0,0,0,0,0,0,0,0,0,0,0,0,0,0,0,0,0,0,0,0,0,0,0,0,0,1,0,0,0,0,0,0,1
89,14913847,1245027,1245-01-27 00:00:00+00:00,Online-MSW-Adv-Part-Time.pdf,Online-MSW-Adv-Part-Time.pdf,application/pdf,https://boisestatecanvas.instructure.com/files/14913847/download?download_frd=1&verifier=Ms69zXss2wKqOvNGDtVZYDAfXfaWKu68x8GSePYH,False,,pdf,14913847,application/pdf,45.08,,2023-06-09 19:08:34,1,1,0,0,0,0,0,0,0,0,0,0,0,0,0,0,0,0,0,0,0,0,0,0,0,0,0,0,0,0,1,0,0,0,0,0,0,1
90,14913880,1245027,1245-01-27 00:00:00+00:00,Online-MSW-Reg-Full-Time(1).pdf,Online-MSW-Reg-Full-Time%281%29.pdf,application/pdf,https://boisestatecanvas.instructure.com/files/14913880/download?download_frd=1&verifier=NFy3glAMSf6OT4rVlpUM4jyrBwVc1Ub4U1nqcBzk,False,,pdf,14913880,application/pdf,43.34,,2023-04-17 21:21:40,1,1,0,0,0,0,0,0,0,0,0,0,0,0,0,0,0,0,0,0,0,0,0,0,0,0,0,0,0,0,1,0,0,0,0,0,0,1
91,14913782,1245027,1245-01-27 00:00:00+00:00,Online-MSW-Reg-Part-Time.pdf,Online-MSW-Reg-Part-Time.pdf,application/pdf,https://boisestatecanvas.instructure.com/files/14913782/download?download_frd=1&verifier=TQneOn0y3E9hrX5c0tlmxqjreXBNto7XZtbuFEru,False,,pdf,14913782,application/pdf,43.34,,2022-07-26 15:37:41,1,1,0,0,0,0,0,0,0,0,0,0,0,0,0,0,0,0,0,0,0,0,0,0,0,0,0,0,0,0,1,0,0,0,0,0,0,1
92,,,,Optional Synchronous Session,,,,,,,page:1587733,application/x-page,100.00,,2024-05-08 18:45:30,0,0,0,0,0,0,0,0,0,0,0,0,0,0,0,0,0,0,0,0,0,0,0,0,0,0,0,0,0,0,0,0,0,0,0,0,0,0
93,14913738,1245029,1245-01-29 00:00:00+00:00,OtherConditionsThatMayBeAFocusOfClinicalAttentionMiniLectureSlidesPDF.pdf,OtherConditionsThatMayBeAFocusOfClinicalAttentionMiniLectureSlidesPDF.pdf,application/pdf,https://boisestatecanvas.instructure.com/files/14913738/download?download_frd=1&verifier=IwNJqRBbiH2sxAytLiwP5R57Us5TfTTsKGIjfZVw,False,,pdf,14913738,application/pdf,92.84,,2023-04-18 20:45:51,0,1,0,0,0,0,0,0,0,0,0,0,0,0,0,0,0,0,0,0,0,0,0,0,0,0,0,0,0,0,0,0,0,0,0,0,0,0
94,,,,PLACEHOLDER: DELETE BEFORE OPENING THE COURSE,,,,,,,announcement:694508,application/x-announcement,0.00,,2022-02-17 20:02:46,0,0,0,0,0,0,0,0,1,0,0,0,0,0,0,0,0,0,0,0,0,0,0,0,0,0,0,0,0,0,0,0,0,0,0,0,0,0
95,18611522,1245026,1245-01-26 00:00:00+00:00,Pari.Mod6.pdf,Pari.Mod6.pdf,application/pdf,https://boisestatecanvas.instructure.com/files/18611522/download?download_frd=1&verifier=x2Ny4Ar7WWEqXdHRxtmRPL3MltZWY5GGn76Tu6gi,False,,pdf,18611522,application/pdf,53.62,,2025-02-19 01:41:30,0,0,0,1,0,0,0,0,0,0,0,0,0,0,0,0,0,0,0,0,0,0,0,0,0,0,0,0,0,0,0,0,0,0,0,0,0,0
96,14913779,1245030,1245-01-30 00:00:00+00:00,PediatricOCD(Obsessive-CompulsiveDisorder)VideoTranscript.docx,PediatricOCD%28Obsessive-CompulsiveDisorder%29VideoTranscript.docx,application/vnd.openxmlformats-officedocument.wordprocessingml.document,https://boisestatecanvas.instructure.com/files/14913779/download?download_frd=1&verifier=hdub5V11KUGz8jUMOYcFv2D0N4tovylfMZHpjVe8,False,,doc,14913779,application/vnd.openxmlformats-officedocument.wordprocessingml.document,52.62,,2023-04-21 21:13:25,0,0,0,1,0,0,0,0,0,0,0,0,0,0,0,0,0,0,0,0,0,0,0,0,0,0,0,0,0,0,0,0,0,0,0,0,0,0
97,14913853,1245031,1245-01-31 00:00:00+00:00,PracticeCaseVignetteAnswers-Lukas.pdf,PracticeCaseVignetteAnswers-Lukas.pdf,application/pdf,https://boisestatecanvas.instructure.com/files/14913853/download?download_frd=1&verifier=txe20WzkUormgI3AjsJXoWsqOg4e55K0ONYLj0CJ,True,,pdf,14913853,application/pdf,95.25,,2023-04-21 15:29:59,0,0,0,0,0,0,0,0,0,0,0,0,0,0,0,0,0,0,0,0,0,0,0,0,0,0,0,0,0,0,1,0,0,0,0,0,0,0
98,14913736,1245031,1245-01-31 00:00:00+00:00,PracticeCaseVignetteAnswers-Wendy+Dolores+Carrie.pdf,PracticeCaseVignetteAnswers-Wendy%2BDolores%2BCarrie.pdf,application/pdf,https://boisestatecanvas.instructure.com/files/14913736/download?download_frd=1&verifier=l0fZhCVzt0yJbuTw73N6Mkcg36f2QBPfcpj4LJGD,True,,pdf,14913736,application/pdf,95.25,,2023-04-20 14:11:24,0,0,0,0,0,0,0,0,0,0,0,0,0,0,0,0,0,0,0,0,0,0,0,0,0,0,0,0,0,0,1,0,0,0,0,0,0,0
99,14913765,1245031,1245-01-31 00:00:00+00:00,PracticeCaseVignetteAnswers-Wendy.pdf,PracticeCaseVignetteAnswers-Wendy.pdf,application/pdf,https://boisestatecanvas.instructure.com/files/14913765/download?download_frd=1&verifier=XIokLaVnlDdnbVaQfvMcmRaq7IZtSTT83fMlWVOq,True,,pdf,14913765,application/pdf,95.25,,2023-04-21 15:27:41,0,0,0,0,0,0,0,0,0,0,0,0,0,0,0,0,0,0,0,0,0,0,0,0,0,0,0,0,0,0,1,0,0,0,0,0,0,0
100,16759526,1245026,1245-01-26 00:00:00+00:00,Randy.FormalCaseReview1.pdf,Randy.FormalCaseReview1.pdf,application/pdf,https://boisestatecanvas.instructure.com/files/16759526/download?download_frd=1&verifier=Vu1oVtDSiNwedhK8CGc1W80KH8rAnAtgW2fkbiuy,False,,pdf,16759526,application/pdf,6.90,,2026-01-07 16:37:43,0,0,0,0,0,0,0,0,0,0,0,0,0,0,0,0,0,0,0,0,0,0,0,0,0,0,0,0,0,0,1,0,0,0,0,0,1,0
101,14913713,1245030,1245-01-30 00:00:00+00:00,ReactiveAttachmentDisorderVideoTranscript.docx,ReactiveAttachmentDisorderVideoTranscript.docx,application/vnd.openxmlformats-officedocument.wordprocessingml.document,https://boisestatecanvas.instructure.com/files/14913713/download?download_frd=1&verifier=GRJw4zI4YWmOAD7bkTKiYJ3KA9LpCA29UOhZqJWA,False,,doc,14913713,application/vnd.openxmlformats-officedocument.wordprocessingml.document,100.00,,2023-04-21 21:52:21,0,0,0,0,0,0,0,0,0,0,0,0,0,0,0,0,0,0,0,0,0,0,0,0,0,0,0,0,0,0,0,0,0,0,0,0,0,0
102,14913750,1245030,1245-01-30 00:00:00+00:00,ReturnFromChaos-TreatingPTSDVideoTranscript.docx,ReturnFromChaos-TreatingPTSDVideoTranscript.docx,application/vnd.openxmlformats-officedocument.wordprocessingml.document,https://boisestatecanvas.instructure.com/files/14913750/download?download_frd=1&verifier=DofFep13oaK3ML9OZEcP42YL5SH6qmZraZaqyaEp,False,,doc,14913750,application/vnd.openxmlformats-officedocument.wordprocessingml.document,52.62,,2023-04-21 21:52:21,0,0,0,1,0,0,0,0,0,0,0,0,0,0,0,0,0,0,0,0,0,0,0,0,0,0,0,0,0,0,0,0,0,0,0,0,0,0
103,14913862,1245044,1245-02-13 00:00:00+00:00,SOCWRK 526 Advanced Banner.svg,SOCWRK+526+Advanced+Banner.svg,image/svg+xml,https://boisestatecanvas.instructure.com/files/14913862/download?download_frd=1&verifier=eECt7WrgJDj4DcaJ25I889IRVE3MTWqBQJ3ondDb,False,,image,14913862,image/svg+xml,100.00,,2022-05-10 04:26:24,0,0,0,0,0,0,0,0,0,0,0,0,0,0,0,0,0,0,0,0,0,0,0,0,0,0,0,0,0,0,0,0,0,0,0,0,0,0
104,16759527,1245026,1245-01-26 00:00:00+00:00,Shantae.FormalCaseReview2.pdf,Shantae.FormalCaseReview2.pdf,application/pdf,https://boisestatecanvas.instructure.com/files/16759527/download?download_frd=1&verifier=eDvLhOzZQjTxgWdwcHvYWDwN7ClJv9BGY15KfvnB,False,,pdf,16759527,application/pdf,6.90,,2024-09-25 21:28:19,0,0,0,0,0,0,0,0,0,0,0,0,0,0,0,0,0,0,0,0,0,0,0,0,0,0,0,0,0,0,1,0,0,0,0,0,1,0
105,,,,Student Success and Support,,,,,,,page:1587734,application/x-page,100.00,,2024-05-15 12:16:43,0,0,0,0,0,0,0,0,0,0,0,0,0,0,0,0,0,0,0,0,0,0,0,0,0,0,0,0,0,0,0,0,0,0,0,0,0,0
106,,,,Syllabus,,,,,,,syllabus,application/x-syllabus,100.00,,2025-03-19 19:51:03,0,0,0,0,0,0,0,0,0,0,0,0,0,0,0,0,0,0,0,0,0,0,0,0,0,0,0,0,0,0,0,0,0,0,0,0,0,0
107,18611469,1245026,1245-01-26 00:00:00+00:00,Tariq.Mod2.pdf,Tariq.Mod2.pdf,application/pdf,https://boisestatecanvas.instructure.com/files/18611469/download?download_frd=1&verifier=FCpgnZjj24IZJ2X3TG4meiv5lVTCbmpuRhygYmgr,False,,pdf,18611469,application/pdf,100.00,,2025-02-19 01:34:53,0,0,0,0,0,0,0,0,0,0,0,0,0,0,0,0,0,0,0,0,0,0,0,0,0,0,0,0,0,0,0,0,0,0,0,0,0,0
108,18611504,1245026,1245-01-26 00:00:00+00:00,Taylor.Mod4.pdf,Taylor.Mod4.pdf,application/pdf,https://boisestatecanvas.instructure.com/files/18611504/download?download_frd=1&verifier=zcarydEHU5Li3ovVZaMfciEK4mYXwhFYNyQbDeL1,False,,pdf,18611504,application/pdf,100.00,,2025-02-19 01:39:00,0,0,0,0,0,0,0,0,0,0,0,0,0,0,0,0,0,0,0,0,0,0,0,0,0,0,0,0,0,0,0,0,0,0,0,0,0,0
109,14913711,1245029,1245-01-29 00:00:00+00:00,TheCulturalFormulationInterviewMiniLectureSlides.pdf,TheCulturalFormulationInterviewMiniLectureSlides.pdf,application/pdf,https://boisestatecanvas.instructure.com/files/14913711/download?download_frd=1&verifier=HyODsS3KiVJlLNouzxKEYHcBhdqAhiXMKMeDrmqz,False,,pdf,14913711,application/pdf,86.55,,2023-04-20 14:24:27,0,1,0,0,0,0,0,0,0,0,0,0,0,0,0,0,0,0,0,0,0,0,0,0,0,0,0,0,0,0,0,0,0,0,0,0,0,0
110,14913771,1245029,1245-01-29 00:00:00+00:00,TheDiagnosticProcessMiniLectureSlides.pdf,TheDiagnosticProcessMiniLectureSlides.pdf,application/pdf,https://boisestatecanvas.instructure.com/files/14913771/download?download_frd=1&verifier=r1Vza8o7A6UC4LkQBkQa5qabtTFzUGDeOQ2SMZPd,False,,pdf,14913771,application/pdf,83.63,,2023-04-20 14:16:47,0,1,0,0,0,0,0,0,0,0,0,0,0,0,0,0,0,0,0,0,0,0,0,0,0,0,0,0,0,0,0,0,0,0,0,0,0,0
111,18611585,1245031,1245-01-31 00:00:00+00:00,Ver2 of 526 Case Answer Key.pdf,Ver2+of+526+Case+Answer+Key.pdf,application/pdf,https://boisestatecanvas.instructure.com/files/18611585/download?download_frd=1&verifier=B6E5MV9ceoIxT1PFtkAbHmlEWwH6gqbXMOgGT8IH,True,,pdf,18611585,application/pdf,47.99,,2025-02-19 01:48:48,0,1,0,1,0,0,0,0,0,0,0,0,0,0,0,0,0,0,0,0,0,0,0,0,0,0,0,0,0,0,0,0,0,0,0,0,0,0
112,,,,Video Recording Resources,,,,,,,page:1587735,application/x-page,100.00,,2022-03-07 17:03:12,0,0,0,0,0,0,0,0,0,0,0,0,0,0,0,0,0,0,0,0,0,0,0,0,0,0,0,0,0,0,0,0,0,0,0,0,0,0
113,15256089,1265693,,advisor-tip.svg,advisor-tip.svg,image/svg+xml,https://boisestatecanvas.instructure.com/files/15256089/download?download_frd=1&verifier=uK2CBFlbc0l6qDLjhY1J2gE9g8ltxjcdQysxMw3i,False,https://boisestatecanvas.instructure.com/files/15256089/download?download_frd=1&verifier=uK2CBFlbc0l6qDLjhY1J2gE9g8ltxjcdQysxMw3i,image,15256089,image/svg+xml,100.00,,2022-02-14 21:37:36,0,0,0,0,0,0,0,0,0,0,0,0,0,0,0,0,0,0,0,0,0,0,0,0,0,0,0,0,0,0,0,0,0,0,0,0,0,0
114,15256122,1265694,,attention-1.svg,attention.svg,image/svg+xml,https://boisestatecanvas.instructure.com/files/15256122/download?download_frd=1&verifier=imnpnIgVUaR88nFT0PjDvtWsPGo8r94vjVhkp9nk,False,https://boisestatecanvas.instructure.com/files/15256122/download?download_frd=1&verifier=imnpnIgVUaR88nFT0PjDvtWsPGo8r94vjVhkp9nk,image,15256122,image/svg+xml,100.00,,2022-02-14 21:26:00,0,0,0,0,0,0,0,0,0,0,0,0,0,0,0,0,0,0,0,0,0,0,0,0,0,0,0,0,0,0,0,0,0,0,0,0,0,0
115,15256085,1265694,,attention.svg,attention.svg,image/svg+xml,https://boisestatecanvas.instructure.com/files/15256085/download?download_frd=1&verifier=sZDqowOv9f9qAVwXop54g1cgBF1wJi7DaXfcDHGZ,False,https://boisestatecanvas.instructure.com/files/15256085/download?download_frd=1&verifier=sZDqowOv9f9qAVwXop54g1cgBF1wJi7DaXfcDHGZ,image,15256085,image/svg+xml,100.00,,2022-02-14 21:26:00,0,0,0,0,0,0,0,0,0,0,0,0,0,0,0,0,0,0,0,0,0,0,0,0,0,0,0,0,0,0,0,0,0,0,0,0,0,0
116,15256116,1265694,,audio.svg,audio.svg,image/svg+xml,https://boisestatecanvas.instructure.com/files/15256116/download?download_frd=1&verifier=Q81nz2Hvf1va6kW0BE1220DX5aYlsiN8pEHM2lMi,False,https://boisestatecanvas.instructure.com/files/15256116/download?download_frd=1&verifier=Q81nz2Hvf1va6kW0BE1220DX5aYlsiN8pEHM2lMi,image,15256116,image/svg+xml,100.00,,2022-02-14 21:26:02,0,0,0,0,0,0,0,0,0,0,0,0,0,0,0,0,0,0,0,0,0,0,0,0,0,0,0,0,0,0,0,0,0,0,0,0,0,0
117,15256072,1265693,,camera.svg,camera.svg,image/svg+xml,https://boisestatecanvas.instructure.com/files/15256072/download?download_frd=1&verifier=Sts6w4azAp06MGvpgpaCijjTXIWq3j8MAhCxkO2s,False,https://boisestatecanvas.instructure.com/files/15256072/download?download_frd=1&verifier=Sts6w4azAp06MGvpgpaCijjTXIWq3j8MAhCxkO2s,image,15256072,image/svg+xml,100.00,,2022-02-14 21:37:37,0,0,0,0,0,0,0,0,0,0,0,0,0,0,0,0,0,0,0,0,0,0,0,0,0,0,0,0,0,0,0,0,0,0,0,0,0,0
118,15256074,1265693,,clock.svg,clock.svg,image/svg+xml,https://boisestatecanvas.instructure.com/files/15256074/download?download_frd=1&verifier=KLdCPQoZQ8mTACmjBZh8uAC8OopPnmCKrKlhZMJK,False,https://boisestatecanvas.instructure.com/files/15256074/download?download_frd=1&verifier=KLdCPQoZQ8mTACmjBZh8uAC8OopPnmCKrKlhZMJK,image,15256074,image/svg+xml,100.00,,2022-02-14 21:37:36,0,0,0,0,0,0,0,0,0,0,0,0,0,0,0,0,0,0,0,0,0,0,0,0,0,0,0,0,0,0,0,0,0,0,0,0,0,0
119,15256080,1265693,,community.svg,community.svg,image/svg+xml,https://boisestatecanvas.instructure.com/files/15256080/download?download_frd=1&verifier=l59yaXIC5LeXUR0PAQO4egpw19MhhxtPQg8KbfVg,False,https://boisestatecanvas.instructure.com/files/15256080/download?download_frd=1&verifier=l59yaXIC5LeXUR0PAQO4egpw19MhhxtPQg8KbfVg,image,15256080,image/svg+xml,100.00,,2022-02-14 21:37:39,0,0,0,0,0,0,0,0,0,0,0,0,0,0,0,0,0,0,0,0,0,0,0,0,0,0,0,0,0,0,0,0,0,0,0,0,0,0
120,15256107,1265693,,computer.svg,computer.svg,image/svg+xml,https://boisestatecanvas.instructure.com/files/15256107/download?download_frd=1&verifier=2EOVF1jGIoc1nwZuD8UxBCOa9iOYJvWWQGvthPQp,False,https://boisestatecanvas.instructure.com/files/15256107/download?download_frd=1&verifier=2EOVF1jGIoc1nwZuD8UxBCOa9iOYJvWWQGvthPQp,image,15256107,image/svg+xml,100.00,,2022-02-14 21:37:38,0,0,0,0,0,0,0,0,0,0,0,0,0,0,0,0,0,0,0,0,0,0,0,0,0,0,0,0,0,0,0,0,0,0,0,0,0,0
121,15256088,1265693,,copyright.svg,copyright.svg,image/svg+xml,https://boisestatecanvas.instructure.com/files/15256088/download?download_frd=1&verifier=J4ZcLfpFD5yZFhzGlujhqKBFsl0X9L3fseeQbTEs,False,https://boisestatecanvas.instructure.com/files/15256088/download?download_frd=1&verifier=J4ZcLfpFD5yZFhzGlujhqKBFsl0X9L3fseeQbTEs,image,15256088,image/svg+xml,100.00,,2022-02-14 21:37:38,0,0,0,0,0,0,0,0,0,0,0,0,0,0,0,0,0,0,0,0,0,0,0,0,0,0,0,0,0,0,0,0,0,0,0,0,0,0
122,15256120,1265694,,discussion-1.svg,discussion.svg,image/svg+xml,https://boisestatecanvas.instructure.com/files/15256120/download?download_frd=1&verifier=6CoSd14rQuWeqbpzaG4TopdA0iAFWB6x4fpwLTch,False,https://boisestatecanvas.instructure.com/files/15256120/download?download_frd=1&verifier=6CoSd14rQuWeqbpzaG4TopdA0iAFWB6x4fpwLTch,image,15256120,image/svg+xml,100.00,,2022-02-14 21:26:04,0,0,0,0,0,0,0,0,0,0,0,0,0,0,0,0,0,0,0,0,0,0,0,0,0,0,0,0,0,0,0,0,0,0,0,0,0,0
123,15256109,1265694,,discussion.svg,interactions-collaborations.svg,image/svg+xml,https://boisestatecanvas.instructure.com/files/15256109/download?download_frd=1&verifier=7inTGV1qmxrsA4VgTlIrYKjof1pLhGxvKDP5EnE4,False,https://boisestatecanvas.instructure.com/files/15256109/download?download_frd=1&verifier=7inTGV1qmxrsA4VgTlIrYKjof1pLhGxvKDP5EnE4,image,15256109,image/svg+xml,100.00,,2022-02-14 21:26:04,0,0,0,0,0,0,0,0,0,0,0,0,0,0,0,0,0,0,0,0,0,0,0,0,0,0,0,0,0,0,0,0,0,0,0,0,0,0
124,15256108,1265693,,document.svg,document.svg,image/svg+xml,https://boisestatecanvas.instructure.com/files/15256108/download?download_frd=1&verifier=JA2xGGyKOUTRpjptUwpvO7tph5EXsKXNwN5PtgWR,False,https://boisestatecanvas.instructure.com/files/15256108/download?download_frd=1&verifier=JA2xGGyKOUTRpjptUwpvO7tph5EXsKXNwN5PtgWR,image,15256108,image/svg+xml,100.00,,2022-02-14 21:37:38,0,0,0,0,0,0,0,0,0,0,0,0,0,0,0,0,0,0,0,0,0,0,0,0,0,0,0,0,0,0,0,0,0,0,0,0,0,0
125,15256098,1265693,,documents.svg,multiple-documents.svg,image/svg+xml,https://boisestatecanvas.instructure.com/files/15256098/download?download_frd=1&verifier=5l9l1VKVKkt4pAKqywYtj4V8JMfEOLEa4PHKFtJ3,False,https://boisestatecanvas.instructure.com/files/15256098/download?download_frd=1&verifier=5l9l1VKVKkt4pAKqywYtj4V8JMfEOLEa4PHKFtJ3,image,15256098,image/svg+xml,100.00,,2022-02-14 21:37:45,0,0,0,0,0,0,0,0,0,0,0,0,0,0,0,0,0,0,0,0,0,0,0,0,0,0,0,0,0,0,0,0,0,0,0,0,0,0
126,15256083,1265693,,download-from-cloud.svg,download-from-cloud.svg,image/svg+xml,https://boisestatecanvas.instructure.com/files/15256083/download?download_frd=1&verifier=coFVA4oxHQGFMnRP0KnCko2doDB9GtxBuS2YAtJj,False,https://boisestatecanvas.instructure.com/files/15256083/download?download_frd=1&verifier=coFVA4oxHQGFMnRP0KnCko2doDB9GtxBuS2YAtJj,image,15256083,image/svg+xml,100.00,,2022-02-14 21:37:39,0,0,0,0,0,0,0,0,0,0,0,0,0,0,0,0,0,0,0,0,0,0,0,0,0,0,0,0,0,0,0,0,0,0,0,0,0,0
127,15256081,1265693,,email.svg,email.svg,image/svg+xml,https://boisestatecanvas.instructure.com/files/15256081/download?download_frd=1&verifier=WelFDxh0o2cTZoUJK6Mzs5qIono02tVcSEQznbPu,False,https://boisestatecanvas.instructure.com/files/15256081/download?download_frd=1&verifier=WelFDxh0o2cTZoUJK6Mzs5qIono02tVcSEQznbPu,image,15256081,image/svg+xml,100.00,,2022-02-14 21:37:38,0,0,0,0,0,0,0,0,0,0,0,0,0,0,0,0,0,0,0,0,0,0,0,0,0,0,0,0,0,0,0,0,0,0,0,0,0,0
128,15256104,1265693,,export.svg,export.svg,image/svg+xml,https://boisestatecanvas.instructure.com/files/15256104/download?download_frd=1&verifier=gaEtFQF5Si96PzQRdv0FTFlC7hPkjoGC2ELghkmR,False,https://boisestatecanvas.instructure.com/files/15256104/download?download_frd=1&verifier=gaEtFQF5Si96PzQRdv0FTFlC7hPkjoGC2ELghkmR,image,15256104,image/svg+xml,100.00,,2022-02-14 21:37:39,0,0,0,0,0,0,0,0,0,0,0,0,0,0,0,0,0,0,0,0,0,0,0,0,0,0,0,0,0,0,0,0,0,0,0,0,0,0
129,15256082,1265693,,file-sharing.svg,file-sharing.svg,image/svg+xml,https://boisestatecanvas.instructure.com/files/15256082/download?download_frd=1&verifier=AbcCwrzXmVus9DtofgIZn52cwTDFUZxPwe4bITK6,False,https://boisestatecanvas.instructure.com/files/15256082/download?download_frd=1&verifier=AbcCwrzXmVus9DtofgIZn52cwTDFUZxPwe4bITK6,image,15256082,image/svg+xml,100.00,,2022-02-14 21:37:41,0,0,0,0,0,0,0,0,0,0,0,0,0,0,0,0,0,0,0,0,0,0,0,0,0,0,0,0,0,0,0,0,0,0,0,0,0,0
130,15256096,1265693,,file.svg,file.svg,image/svg+xml,https://boisestatecanvas.instructure.com/files/15256096/download?download_frd=1&verifier=YkbjZAFmOaygeGbUBgsVgQ0B9C7rzGZOTw0OzlXg,False,https://boisestatecanvas.instructure.com/files/15256096/download?download_frd=1&verifier=YkbjZAFmOaygeGbUBgsVgQ0B9C7rzGZOTw0OzlXg,image,15256096,image/svg+xml,100.00,,2022-02-14 21:37:41,0,0,0,0,0,0,0,0,0,0,0,0,0,0,0,0,0,0,0,0,0,0,0,0,0,0,0,0,0,0,0,0,0,0,0,0,0,0
131,15256115,1265694,,finish-line.svg,finish-line.svg,image/svg+xml,https://boisestatecanvas.instructure.com/files/15256115/download?download_frd=1&verifier=xXiEZ5gfHMblr6DexXnrVcBbf7LOxHj7SCSHaWq5,False,https://boisestatecanvas.instructure.com/files/15256115/download?download_frd=1&verifier=xXiEZ5gfHMblr6DexXnrVcBbf7LOxHj7SCSHaWq5,image,15256115,image/svg+xml,100.00,,2022-02-14 21:26:03,0,0,0,0,0,0,0,0,0,0,0,0,0,0,0,0,0,0,0,0,0,0,0,0,0,0,0,0,0,0,0,0,0,0,0,0,0,0
132,15256097,1265693,,framing.svg,framing.svg,image/svg+xml,https://boisestatecanvas.instructure.com/files/15256097/download?download_frd=1&verifier=EnxFtMRwNSqAsY8995NfUS1emlV9D6Z9OZnZAK2f,False,https://boisestatecanvas.instructure.com/files/15256097/download?download_frd=1&verifier=EnxFtMRwNSqAsY8995NfUS1emlV9D6Z9OZnZAK2f,image,15256097,image/svg+xml,100.00,,2022-02-14 21:37:42,0,0,0,0,0,0,0,0,0,0,0,0,0,0,0,0,0,0,0,0,0,0,0,0,0,0,0,0,0,0,0,0,0,0,0,0,0,0
133,15256093,1265693,,image.svg,image.svg,image/svg+xml,https://boisestatecanvas.instructure.com/files/15256093/download?download_frd=1&verifier=zeHPNCD69nIQeMJzv1kpCXChGYGb1ckFvx7MuWeF,False,https://boisestatecanvas.instructure.com/files/15256093/download?download_frd=1&verifier=zeHPNCD69nIQeMJzv1kpCXChGYGb1ckFvx7MuWeF,image,15256093,image/svg+xml,100.00,,2022-02-14 23:22:47,0,0,0,0,0,0,0,0,0,0,0,0,0,0,0,0,0,0,0,0,0,0,0,0,0,0,0,0,0,0,0,0,0,0,0,0,0,0
134,15256073,1265693,,images.svg,images.svg,image/svg+xml,https://boisestatecanvas.instructure.com/files/15256073/download?download_frd=1&verifier=jGpaDuoT4hFeSjyd7tZ1incwj1mhoDXXgBB1r1zA,False,https://boisestatecanvas.instructure.com/files/15256073/download?download_frd=1&verifier=jGpaDuoT4hFeSjyd7tZ1incwj1mhoDXXgBB1r1zA,image,15256073,image/svg+xml,100.00,,2022-02-14 21:37:42,0,0,0,0,0,0,0,0,0,0,0,0,0,0,0,0,0,0,0,0,0,0,0,0,0,0,0,0,0,0,0,0,0,0,0,0,0,0
135,15256106,1265693,,library.svg,library.svg,image/svg+xml,https://boisestatecanvas.instructure.com/files/15256106/download?download_frd=1&verifier=GLgOpBcz5LYFZPS0q42ebHFVt1sQLreAVwiRmU4k,False,https://boisestatecanvas.instructure.com/files/15256106/download?download_frd=1&verifier=GLgOpBcz5LYFZPS0q42ebHFVt1sQLreAVwiRmU4k,image,15256106,image/svg+xml,100.00,,2022-02-14 21:37:43,0,0,0,0,0,0,0,0,0,0,0,0,0,0,0,0,0,0,0,0,0,0,0,0,0,0,0,0,0,0,0,0,0,0,0,0,0,0
136,15256086,1265693,,link.svg,link.svg,image/svg+xml,https://boisestatecanvas.instructure.com/files/15256086/download?download_frd=1&verifier=9UMaJeMihfPxXZpGioDALZoRlBoubOg5SEYXmCj0,False,https://boisestatecanvas.instructure.com/files/15256086/download?download_frd=1&verifier=9UMaJeMihfPxXZpGioDALZoRlBoubOg5SEYXmCj0,image,15256086,image/svg+xml,100.00,,2022-02-14 21:37:43,0,0,0,0,0,0,0,0,0,0,0,0,0,0,0,0,0,0,0,0,0,0,0,0,0,0,0,0,0,0,0,0,0,0,0,0,0,0
137,15256114,1265694,,list.svg,list.svg,image/svg+xml,https://boisestatecanvas.instructure.com/files/15256114/download?download_frd=1&verifier=NzcZoyJsPKHQwSosrNffYqQ0dxj6cqpr0OkQojN0,False,https://boisestatecanvas.instructure.com/files/15256114/download?download_frd=1&verifier=NzcZoyJsPKHQwSosrNffYqQ0dxj6cqpr0OkQojN0,image,15256114,image/svg+xml,100.00,,2022-02-14 21:26:05,0,0,0,0,0,0,0,0,0,0,0,0,0,0,0,0,0,0,0,0,0,0,0,0,0,0,0,0,0,0,0,0,0,0,0,0,0,0
138,15256084,1265693,,location.svg,location.svg,image/svg+xml,https://boisestatecanvas.instructure.com/files/15256084/download?download_frd=1&verifier=CC375ylQ2Xr1Y9KxEfTUJWRsGPFQQkizbc6X0I2x,False,https://boisestatecanvas.instructure.com/files/15256084/download?download_frd=1&verifier=CC375ylQ2Xr1Y9KxEfTUJWRsGPFQQkizbc6X0I2x,image,15256084,image/svg+xml,100.00,,2022-02-14 21:37:45,0,0,0,0,0,0,0,0,0,0,0,0,0,0,0,0,0,0,0,0,0,0,0,0,0,0,0,0,0,0,0,0,0,0,0,0,0,0
139,15256111,1265694,,looking-ahead.svg,looking-ahead.svg,image/svg+xml,https://boisestatecanvas.instructure.com/files/15256111/download?download_frd=1&verifier=zIxTin2xjFXNXEuzPg7gaCntVW8yZNoZt5tw9Pfi,False,https://boisestatecanvas.instructure.com/files/15256111/download?download_frd=1&verifier=zIxTin2xjFXNXEuzPg7gaCntVW8yZNoZt5tw9Pfi,image,15256111,image/svg+xml,100.00,,2022-02-14 21:26:05,0,0,0,0,0,0,0,0,0,0,0,0,0,0,0,0,0,0,0,0,0,0,0,0,0,0,0,0,0,0,0,0,0,0,0,0,0,0
140,15256100,1265693,,module-intro.svg,extra-credit.svg,image/svg+xml,https://boisestatecanvas.instructure.com/files/15256100/download?download_frd=1&verifier=uqRWrV6syOHNl6h2sHNfMrdbds6rqwy7grJH4IAo,False,https://boisestatecanvas.instructure.com/files/15256100/download?download_frd=1&verifier=uqRWrV6syOHNl6h2sHNfMrdbds6rqwy7grJH4IAo,image,15256100,image/svg+xml,100.00,,2022-04-04 21:01:21,0,0,0,0,0,0,0,0,0,0,0,0,0,0,0,0,0,0,0,0,0,0,0,0,0,0,0,0,0,0,0,0,0,0,0,0,0,0
141,15256095,1265693,,music.svg,music.svg,image/svg+xml,https://boisestatecanvas.instructure.com/files/15256095/download?download_frd=1&verifier=4EgIWSzNr8UQYlrL3zEuUlhj0HlDfDZI9dToLOLq,False,https://boisestatecanvas.instructure.com/files/15256095/download?download_frd=1&verifier=4EgIWSzNr8UQYlrL3zEuUlhj0HlDfDZI9dToLOLq,image,15256095,image/svg+xml,100.00,,2022-02-14 21:37:45,0,0,0,0,0,0,0,0,0,0,0,0,0,0,0,0,0,0,0,0,0,0,0,0,0,0,0,0,0,0,0,0,0,0,0,0,0,0
142,15256121,1265694,,policies-1.svg,policies.svg,image/svg+xml,https://boisestatecanvas.instructure.com/files/15256121/download?download_frd=1&verifier=MK3oUUl7xUbCf5s6qK6Cj1TIrWsxvJTLTzfknPM8,False,https://boisestatecanvas.instructure.com/files/15256121/download?download_frd=1&verifier=MK3oUUl7xUbCf5s6qK6Cj1TIrWsxvJTLTzfknPM8,image,15256121,image/svg+xml,100.00,,2022-02-14 21:26:06,0,0,0,0,0,0,0,0,0,0,0,0,0,0,0,0,0,0,0,0,0,0,0,0,0,0,0,0,0,0,0,0,0,0,0,0,0,0
143,15256102,1265694,,policies.svg,policies.svg,image/svg+xml,https://boisestatecanvas.instructure.com/files/15256102/download?download_frd=1&verifier=jaioZi4N0yjdpu1MFgJgNneNJ73AkxJERSKTilEf,False,https://boisestatecanvas.instructure.com/files/15256102/download?download_frd=1&verifier=jaioZi4N0yjdpu1MFgJgNneNJ73AkxJERSKTilEf,image,15256102,image/svg+xml,100.00,,2022-02-14 21:26:06,0,0,0,0,0,0,0,0,0,0,0,0,0,0,0,0,0,0,0,0,0,0,0,0,0,0,0,0,0,0,0,0,0,0,0,0,0,0
144,15256117,1265694,,profile.svg,profile.svg,image/svg+xml,https://boisestatecanvas.instructure.com/files/15256117/download?download_frd=1&verifier=bgjK42e1R8lFvd0g0Rmz5N1v8GzUwRGXYZOKjW65,False,https://boisestatecanvas.instructure.com/files/15256117/download?download_frd=1&verifier=bgjK42e1R8lFvd0g0Rmz5N1v8GzUwRGXYZOKjW65,image,15256117,image/svg+xml,100.00,,2022-02-14 21:26:05,0,0,0,0,0,0,0,0,0,0,0,0,0,0,0,0,0,0,0,0,0,0,0,0,0,0,0,0,0,0,0,0,0,0,0,0,0,0
145,15256075,1265693,,questions-or-quiz.svg,questions-or-quiz.svg,image/svg+xml,https://boisestatecanvas.instructure.com/files/15256075/download?download_frd=1&verifier=0YGi7NhOZyVAkkTdy2SFWcnijhSSOcaQRW055MvM,False,https://boisestatecanvas.instructure.com/files/15256075/download?download_frd=1&verifier=0YGi7NhOZyVAkkTdy2SFWcnijhSSOcaQRW055MvM,image,15256075,image/svg+xml,100.00,,2022-02-14 21:37:45,0,0,0,0,0,0,0,0,0,0,0,0,0,0,0,0,0,0,0,0,0,0,0,0,0,0,0,0,0,0,0,0,0,0,0,0,0,0
146,15256112,1265694,,reading.svg,reading.svg,image/svg+xml,https://boisestatecanvas.instructure.com/files/15256112/download?download_frd=1&verifier=5uOWDBwZQQRLcoGs8xqRbN9SywuSTL8fRRZRWb6r,False,https://boisestatecanvas.instructure.com/files/15256112/download?download_frd=1&verifier=5uOWDBwZQQRLcoGs8xqRbN9SywuSTL8fRRZRWb6r,image,15256112,image/svg+xml,100.00,,2022-02-14 21:26:07,0,0,0,0,0,0,0,0,0,0,0,0,0,0,0,0,0,0,0,0,0,0,0,0,0,0,0,0,0,0,0,0,0,0,0,0,0,0
147,15256071,1265693,,recording.svg,recording.svg,image/svg+xml,https://boisestatecanvas.instructure.com/files/15256071/download?download_frd=1&verifier=uMuHuBHFdsNkp5G4p8w9FCj7tgAmz93uM93UEMLh,False,https://boisestatecanvas.instructure.com/files/15256071/download?download_frd=1&verifier=uMuHuBHFdsNkp5G4p8w9FCj7tgAmz93uM93UEMLh,image,15256071,image/svg+xml,100.00,,2022-02-14 21:37:47,0,0,0,0,0,0,0,0,0,0,0,0,0,0,0,0,0,0,0,0,0,0,0,0,0,0,0,0,0,0,0,0,0,0,0,0,0,0
148,15256078,1265693,,research.svg,research.svg,image/svg+xml,https://boisestatecanvas.instructure.com/files/15256078/download?download_frd=1&verifier=UXnN8y7nib2hE4s3ozz4nLqvsX2tA42C7B1RyZhD,False,https://boisestatecanvas.instructure.com/files/15256078/download?download_frd=1&verifier=UXnN8y7nib2hE4s3ozz4nLqvsX2tA42C7B1RyZhD,image,15256078,image/svg+xml,100.00,,2022-02-14 21:37:46,0,0,0,0,0,0,0,0,0,0,0,0,0,0,0,0,0,0,0,0,0,0,0,0,0,0,0,0,0,0,0,0,0,0,0,0,0,0
149,15256105,1265694,,schedule.svg,schedule.svg,image/svg+xml,https://boisestatecanvas.instructure.com/files/15256105/download?download_frd=1&verifier=nYmKjFr59t9ScOIpqL96bUBsJdYqPP9jVgJxTozM,False,https://boisestatecanvas.instructure.com/files/15256105/download?download_frd=1&verifier=nYmKjFr59t9ScOIpqL96bUBsJdYqPP9jVgJxTozM,image,15256105,image/svg+xml,100.00,,2022-02-14 21:37:46,0,0,0,0,0,0,0,0,0,0,0,0,0,0,0,0,0,0,0,0,0,0,0,0,0,0,0,0,0,0,0,0,0,0,0,0,0,0
150,15256079,1265693,,settings.svg,settings.svg,image/svg+xml,https://boisestatecanvas.instructure.com/files/15256079/download?download_frd=1&verifier=Sz3j3FpzFo01WEDxxKnkRVKHUNBko0NyarwbaS0B,False,https://boisestatecanvas.instructure.com/files/15256079/download?download_frd=1&verifier=Sz3j3FpzFo01WEDxxKnkRVKHUNBko0NyarwbaS0B,image,15256079,image/svg+xml,100.00,,2022-02-14 21:37:47,0,0,0,0,0,0,0,0,0,0,0,0,0,0,0,0,0,0,0,0,0,0,0,0,0,0,0,0,0,0,0,0,0,0,0,0,0,0
151,15256103,1265693,,smartphone.svg,smartphone.svg,image/svg+xml,https://boisestatecanvas.instructure.com/files/15256103/download?download_frd=1&verifier=mrauybdwZLledpkREuPuCfptBrqUu8bHqwBJr21V,False,https://boisestatecanvas.instructure.com/files/15256103/download?download_frd=1&verifier=mrauybdwZLledpkREuPuCfptBrqUu8bHqwBJr21V,image,15256103,image/svg+xml,100.00,,2022-02-14 17:08:21,0,0,0,0,0,0,0,0,0,0,0,0,0,0,0,0,0,0,0,0,0,0,0,0,0,0,0,0,0,0,0,0,0,0,0,0,0,0
152,15256092,1265693,,speaking.svg,speaking.svg,image/svg+xml,https://boisestatecanvas.instructure.com/files/15256092/download?download_frd=1&verifier=XatXGlDIyC6UDYvcfLXhr5xth605uDdNy0nFzfE9,False,https://boisestatecanvas.instructure.com/files/15256092/download?download_frd=1&verifier=XatXGlDIyC6UDYvcfLXhr5xth605uDdNy0nFzfE9,image,15256092,image/svg+xml,100.00,,2022-02-14 21:37:49,0,0,0,0,0,0,0,0,0,0,0,0,0,0,0,0,0,0,0,0,0,0,0,0,0,0,0,0,0,0,0,0,0,0,0,0,0,0
153,15256113,1265694,,syllabus.svg,syllabus.svg,image/svg+xml,https://boisestatecanvas.instructure.com/files/15256113/download?download_frd=1&verifier=8Vx2OIZ8XSJFPpvBNDZjfM1MspSRccSvdtzvHOZ5,False,https://boisestatecanvas.instructure.com/files/15256113/download?download_frd=1&verifier=8Vx2OIZ8XSJFPpvBNDZjfM1MspSRccSvdtzvHOZ5,image,15256113,image/svg+xml,100.00,,2022-02-14 21:37:49,0,0,0,0,0,0,0,0,0,0,0,0,0,0,0,0,0,0,0,0,0,0,0,0,0,0,0,0,0,0,0,0,0,0,0,0,0,0
154,15256101,1265694,,task.svg,task.svg,image/svg+xml,https://boisestatecanvas.instructure.com/files/15256101/download?download_frd=1&verifier=tXIpWCcOaZPfxF8f17l3dZFEPw12PiW3udt1LjtF,False,https://boisestatecanvas.instructure.com/files/15256101/download?download_frd=1&verifier=tXIpWCcOaZPfxF8f17l3dZFEPw12PiW3udt1LjtF,image,15256101,image/svg+xml,100.00,,2022-02-14 21:26:08,0,0,0,0,0,0,0,0,0,0,0,0,0,0,0,0,0,0,0,0,0,0,0,0,0,0,0,0,0,0,0,0,0,0,0,0,0,0
155,15256094,1265693,,time-limit.svg,time-limit.svg,image/svg+xml,https://boisestatecanvas.instructure.com/files/15256094/download?download_frd=1&verifier=VUgwEZcF2VQxCmYuXCD5RwGkzLa08JWGhgsGe88g,False,https://boisestatecanvas.instructure.com/files/15256094/download?download_frd=1&verifier=VUgwEZcF2VQxCmYuXCD5RwGkzLa08JWGhgsGe88g,image,15256094,image/svg+xml,100.00,,2022-02-14 21:37:50,0,0,0,0,0,0,0,0,0,0,0,0,0,0,0,0,0,0,0,0,0,0,0,0,0,0,0,0,0,0,0,0,0,0,0,0,0,0
156,15256110,1265694,,tip.svg,tip.svg,image/svg+xml,https://boisestatecanvas.instructure.com/files/15256110/download?download_frd=1&verifier=28EwA8is1Q7EaXulNGsdeOV7TLBdD3jZnPs9ZVDa,False,https://boisestatecanvas.instructure.com/files/15256110/download?download_frd=1&verifier=28EwA8is1Q7EaXulNGsdeOV7TLBdD3jZnPs9ZVDa,image,15256110,image/svg+xml,100.00,,2022-02-14 21:26:07,0,0,0,0,0,0,0,0,0,0,0,0,0,0,0,0,0,0,0,0,0,0,0,0,0,0,0,0,0,0,0,0,0,0,0,0,0,0
158,15256076,1265693,,upload-to-cloud.svg,upload-to-cloud.svg,image/svg+xml,https://boisestatecanvas.instructure.com/files/15256076/download?download_frd=1&verifier=qTdeU1Sqs5cpoXncHmidxQTJPqWL34HvdMnOZP5F,False,https://boisestatecanvas.instructure.com/files/15256076/download?download_frd=1&verifier=qTdeU1Sqs5cpoXncHmidxQTJPqWL34HvdMnOZP5F,image,15256076,image/svg+xml,100.00,,2022-02-14 21:37:55,0,0,0,0,0,0,0,0,0,0,0,0,0,0,0,0,0,0,0,0,0,0,0,0,0,0,0,0,0,0,0,0,0,0,0,0,0,0
159,15256087,1265693,,upload.svg,upload.svg,image/svg+xml,https://boisestatecanvas.instructure.com/files/15256087/download?download_frd=1&verifier=He12uC8Kb9WuQziH9lFJAnNK1Yl9Hd0Y9zFcIAxx,False,https://boisestatecanvas.instructure.com/files/15256087/download?download_frd=1&verifier=He12uC8Kb9WuQziH9lFJAnNK1Yl9Hd0Y9zFcIAxx,image,15256087,image/svg+xml,100.00,,2022-02-14 21:37:51,0,0,0,0,0,0,0,0,0,0,0,0,0,0,0,0,0,0,0,0,0,0,0,0,0,0,0,0,0,0,0,0,0,0,0,0,0,0
160,15256091,1265694,,video.svg,video.svg,image/svg+xml,https://boisestatecanvas.instructure.com/files/15256091/download?download_frd=1&verifier=0jIgvT9xwfsRKGqEkNMkuToW5VHFmjZk4yMWdPSn,False,https://boisestatecanvas.instructure.com/files/15256091/download?download_frd=1&verifier=0jIgvT9xwfsRKGqEkNMkuToW5VHFmjZk4yMWdPSn,image,15256091,image/svg+xml,100.00,,2022-02-14 21:26:09,0,0,0,0,0,0,0,0,0,0,0,0,0,0,0,0,0,0,0,0,0,0,0,0,0,0,0,0,0,0,0,0,0,0,0,0,0,0
161,15256118,1265694,,warning.svg,warning.svg,image/svg+xml,https://boisestatecanvas.instructure.com/files/15256118/download?download_frd=1&verifier=OND9GSsBnxC7Y9kNMmAC2k14KkSymo6bEfmVlgxF,False,https://boisestatecanvas.instructure.com/files/15256118/download?download_frd=1&verifier=OND9GSsBnxC7Y9kNMmAC2k14KkSymo6bEfmVlgxF,image,15256118,image/svg+xml,100.00,,2022-02-14 21:26:10,0,0,0,0,0,0,0,0,0,0,0,0,0,0,0,0,0,0,0,0,0,0,0,0,0,0,0,0,0,0,0,0,0,0,0,0,0,0
162,15256099,1265693,,web-conferencing.svg,web-conferencing.svg,image/svg+xml,https://boisestatecanvas.instructure.com/files/15256099/download?download_frd=1&verifier=YbNEDyk6FVaipEaKla4Yq4oH9WV96x9fPYdJZpZN,False,https://boisestatecanvas.instructure.com/files/15256099/download?download_frd=1&verifier=YbNEDyk6FVaipEaKla4Yq4oH9WV96x9fPYdJZpZN,image,15256099,image/svg+xml,100.00,,2022-02-14 21:37:51,0,0,0,0,0,0,0,0,0,0,0,0,0,0,0,0,0,0,0,0,0,0,0,0,0,0,0,0,0,0,0,0,0,0,0,0,0,0
163,15256077,1265693,,what-to-wear.svg,what-to-wear.svg,image/svg+xml,https://boisestatecanvas.instructure.com/files/15256077/download?download_frd=1&verifier=0JztubBJl3XCJQyEiMHDI8xZwnNEnOuyDEhHL3G5,False,https://boisestatecanvas.instructure.com/files/15256077/download?download_frd=1&verifier=0JztubBJl3XCJQyEiMHDI8xZwnNEnOuyDEhHL3G5,image,15256077,image/svg+xml,100.00,,2022-02-14 21:37:58,0,0,0,0,0,0,0,0,0,0,0,0,0,0,0,0,0,0,0,0,0,0,0,0,0,0,0,0,0,0,0,0,0,0,0,0,0,0
164,15256090,1265693,,work.svg,work.svg,image/svg+xml,https://boisestatecanvas.instructure.com/files/15256090/download?download_frd=1&verifier=TwnMJUb1p30hPjZq8kO0vAH3CE0FJnFMJslwujth,False,https://boisestatecanvas.instructure.com/files/15256090/download?download_frd=1&verifier=TwnMJUb1p30hPjZq8kO0vAH3CE0FJnFMJslwujth,image,15256090,image/svg+xml,100.00,,2022-02-14 21:37:55,0,0,0,0,0,0,0,0,0,0,0,0,0,0,0,0,0,0,0,0,0,0,0,0,0,0,0,0,0,0,0,0,0,0,0,0,0,0
